{
  "name": "Nonprofit Projects",
  "order": 22,
  "time": "800 Hours",
  "isLocked": true,
  "message": "To qualify for these nonprofit projects, you must first earn all three foundational certifications: Front End, Data Visualization, and Back End",
  "challenges": [
    {
      "title": "Greenfield Nonprofit Project #1",
      "isRequired": true
    },
    {
      "title": "Greenfield Nonprofit Project #2",
      "isRequired": true
    },
    {
      "title": "Legacy Code Nonprofit Project #1",
      "isRequired": true
    },
    {
      "title": "Legacy Code Nonprofit Project #2",
      "isRequired": true
    },
    {
      "title": "Claim your Full Stack Development Certification"
    }
  ]
}
