{
  "name": "JavaScript Lingo",
  "order": 2,
  "time": "1 hour",
  "challenges": [
    {
      "id": "56b15f15632298c12f31518c",
      "title": "MDN and Documentation",
      "description": [
        "This is a basic intro to MDN and the concept of documentation.",
        "MDN, Mozilla Developer Network, is a fantastic open source collaboration that documents not only JavaScript, but many other languages and topics. If you haven't heard of them, you should check them out now. I get lots of information from <a href='http://developer.mozilla.org/en-US/docs/Web/JavaScript' target='_blank'>developer.mozilla.org/en-US/docs/Web/JavaScript</a>",
        "When I say documentation, I am talking about information that is provided about the product to its users. The documentation at MDN isn't necessarily written by the people behind JS. Brendan Eich created JS in 1995, but it's now a community driven project that continues to grow.",
        "As you continue to learn JavaScript, jQuery, and pretty much any languages or services for development or programming, documentation is your friend. ",
        "The faster you get comfortable reading and referencing documentation, the faster you will grow as a developer.",
        "These videos aren't going to teach you JavaScript - you will be introduced to terms and concepts that will be valuable as you continue to practice and learn."
      ],
      "challengeSeed": [
        "NFaZKFTycmc"
      ],
      "tests": [
        [
          "Documentation is not a good way to learn a programming language.",
          false,
          "Documentation can be your best friend once you learn how to get the most from it."
        ],
        [
          "Mozilla Developer Network is a great resource that should be referenced regularly.",
          true
        ]
      ],
      "type": "hike",
      "challengeType": 6,
      "translations": {
        "es": {
          "title": "MDN y Documentación",
          "description": [
            "Esta es una introducción básica a MDN y el concepto de la documentación.",
            "MDN, Mozilla Developer Network, es una fantástica colaboración de fuentes abiertas que documenta no sólo JavaScript, sino muchos otros lenguajes y temas. Si no has oído hablar de ellos, deberías darles un vistazo ahora. Personalmente obtengo mucha información de <a href='http://developer.mozilla.org/es/docs/Web/JavaScript' target='_blank'>developer.mozilla.org/es/docs/Web/JavaScript</a>",
            "Cuando digo documentación, estoy hablando acerca de la información que se proporciona sobre el producto a sus usuarios. La documentación de MDN no necesariamente está escrita por la gente detrás de JS. Brendan Eich creó JS en 1995, pero hoy en día el proyecto continúa creciendo gracias a un esfuerzo comunitario. ",
            "A medida que continúes aprendiendo JavaScript, jQuery, y prácticamente cualquier otro lenguaje o servicio para desarrollo o programación, la documentación será tu amiga.",
            "Cuanto más rápido te sientas cómodo leyendo y referenciando documentación, más rápido crecerás como desarrollador.",
            "Estos vídeos no van a enseñarte JavaScript - te presentan términos y conceptos que serán valiosos a medida que continúes practicando y aprendiendo."
          ]
        }
      }
    },
    {
      "id": "56b15f15632298c12f31518d",
      "title": "Value Types",
      "description": [
        "Learn about the three most basic types of values: booleans, strings, and numbers.",
        "A boolean is a true or false value. These words are special and reserved. You can't name a variable 'true', because that word is already universal as a boolean (as is 'false').",
        "A string is a set of characters that is set between either single (') or double (\") quotation marks. This string can be named 'true', as long as it's between those quotation marks.",
        "Numbers are pretty self-explanatory - a number is a value that consists only of digits, though it can also contain a decimal or a negative sign."
      ],
      "challengeSeed": [
        "fahY2YY5Atg"
      ],
      "tests": [
        [
          "Numbers can include decimals.",
          true
        ],
        [
          "If a value is text that isn't the word true or false, it's a string. ",
          false,
          "To be a string, the content must be wrapped in either single or double quotations."
        ]
      ],
      "type": "hike",
      "challengeType": 6,
      "translations": {
        "es": {
          "title": "Tipos de valores",
          "description": [
            "Aprende sobre los tres tipos más básicos de valores: Booleanos, cadenas y números",
            "Un booleano es un valor <code>true</code> (verdadero) o <code>false</code> (falso). Estas palabras son especiales y reservadas. No puedes nombrar a una variable como \"true\", porque esa palabra es ya universal como un valor lógico (así como lo es \"false\"). ",
            "Una cadena es un conjunto de caracteres que se establecen entre apóstrofes (') o entre comillas (\"). Una cadena puede ser \"true\", siempre y cuando sea con comillas o con apóstrofes. ",
            "Los números se explican por sí mismos - un número es un valor que se compone sólo de dígitos, aunque también puede contener un decimal o un signo negativo."
          ]
        }
      }
    },
    {
      "id": "56b15f15632298c12f31518b",
      "title": "Variables & camelCase",
      "description": [
        "We are going to cover what constitutes a variable, and the reasoning behind camelCase.",
        "A variable also referred to as 'var', is the name or placeholder for a boolean, string, number, or another piece of static information.",
        "You can use Google Dev Tools to inspect the Free Code Camp home page and look for some variables.",
        "You 'declare' variables the first time with 'var' in front of it, but those can be referenced later in your script.",
        "camelCase is the way that JavaScript pushes words together and still keeps them legible. The first letter of the first word is lowercase, along with the remainder of the word, but the first letter of every consecutive word is capitalized. There are no spaces. Examples: brianaLovesHerPets, bestFoodIsCheese, and codeIsWorthLearning.",
        "When you name variables, utilize camelCase. Also try to keep the names descriptive and short so that others (and yourself!) can tell what that variable is referring to just by the name."
      ],
      "challengeSeed": [
        "NJhXiR1z7Kg"
      ],
      "tests": [
        [
          "camelCase is mandatory in JavaScript.",
          false,
          "Though camelCase is widely used, it isn't mandatory. It's not a bad idea to get used to using it sooner rather than later."
        ],
        [
          "Variables can only hold information that is a boolean, string, or number.",
          false,
          "Variables can hold all kinds of static information including arrays and objects."
        ]
      ],
      "type": "hike",
      "challengeType": 6,
      "translations": {
        "es": {
          "title": "Variables y capitalizaciónCamello",
          "description": [
            "Vamos a cubrir lo que constituye una variable, y el razonamiento detrás de la capitalizaciónCamello (<em>camelCase</em>).",
            "Una variable, también conocida como una 'var', es el nombre o el espacio para un booleano, una cadena, un número, u otra pieza de información estática.",
            "Puedes usar las Herramientas de desarrollo de Google para inspeccionar la página principal de FreeCodeCamp y buscar algunas variables.",
            "Tu 'declaras' variables por primera vez con <code>var</code> en frente de ella, pero después puedes referenciarla más adelante en tu programa.",
            "capitalizaciónCamello es una forma en la que juntas varias palabras y aún así las mantienes legibles. La primera letra de la primera palabra va en minúsculas al igual que el resto de la primera palabra, pero la primera letra de cada palabra que siga se escribe en mayúsculas. No hay espacios. Ejemplos: brianaAmaSusMascotas, laMejorComidaEsElQueso, y valeLaPenaAprenderProgramacion.",
            "Al asignar un nombre de variable, usa capitalizaciónCamello. Además, trata de mantener los nombres descriptivos y cortos para que los demás (¡e incluso tu!) puedan entender a lo que se refiere la variable simplemente por el nombre."
          ]
        }
      }
    },
    {
      "id": "56b15f15632298c12f31518a",
      "title": "Arrays & Objects",
      "description": [
        "If you want to store more than one piece of information to a variable, you can do so by creating an array or an object.",
        "**Disclaimer: Objects in JS are not exactly the same as objects in other languages. We will discuss objects here as they pertain to JS.",
        "Arrays are sets of data between [square, brackets]. Data is separated by commas. That data can be in the form of a boolean, string, number, or even another array. We call that a nested array.",
        "Objects are a type of data that can look or behave similar to an array in the way that it's more data stored in one variable in an organized way. You'll hear it referred to as JSON, and when you make API calls to other sites (getting information to display on your own page) it will frequently be returned in JSON.",
        "An example of object notation is: var obj = {'name' : 'Briana', 'food' : 'cheese', 'dog' : 'Maurice'};",
        "Notice the curly brackets, the 'keys' with values like name or food,, and the value called a 'property' that is tied to the 'key', like Briana or cheese. These are ALL stored as strings, although booleans, numbers, and other types of data are also valid."
      ],
      "challengeSeed": [
        "yHLGUxt0EKc"
      ],
      "tests": [
        [
          "Arrays are easy to spot because of their [square brackets]. ",
          true
        ],
        [
          "Objects in JavaScript are the same as objects in every other language.",
          false,
          "Objects in JS are slightly different, but as long as you understand the context for JS, you'll be fine until you decide to learn one of those other languages."
        ]
      ],
      "type": "hike",
      "challengeType": 6,
      "translations": {
        "es": {
          "title": "Vectores y objetos",
          "description": [
            "Si desea almacenar más de una pieza de información en una variable, puedes hacerlo mediante la creación de un vector o de un objeto.",
            "** Exención de responsabilidad: Los objetos de JS no son exactamente lo mismo que los objetos en otros lenguajes. Vamos a discutir aquí objetos con respecto a JS. ",
            "Los vectores son conjuntos de valores entre [corchetes]. Los valores se separan con comas. Cada valor puede ser booleano, cadena, número, o incluso otro vector. A esto último le llamamos vector anidado. A un vector compuesto por vectores de la misma longitud le llamamos matriz. ",
            "Los objetos son un tipo de datos que pueden verse o comportarse como un vector, en la medida que se trata de más valores almacenados en una variable de una manera organizada. Oirás que un objeto se puede representar en JSON, y con frecuencia cuando haces llamadas a la API de algunos sitios (para obtener información que necesitas mostrar en tu propia página) está será devuelta en JSON. ",
            "Un ejemplo de la notación de objetos es:  <code>var obj = { 'nombre': 'Briana', 'comida': 'queso', 'perro': 'Maurice'};</code>",
            "Fíjate que un objeto se encierra entre llaves { ... }, que los diferentes atributos se separan por comas, que cada atributo consta de una palabra llave y de un valor. Por ejemplo son llaves 'nombre', 'comida' y 'perro' y sus respectivos valores son 'Briana', 'queso' y 'Maurice'. En este ejmplo todos los valores fueron cadenas, aunque también son válidos booleanos, números y otros tipos de datos."
          ]
        }
      }
    },
    {
      "id": "56b15f15632298c12f315189",
      "title": "Finding and Indexing Data in Arrays",
      "description": [
        "There are many reasons you might need to access a certain piece of data from within a larger set, and you do that by referencing its index.",
        "We won't get into syntax now, but you should know that the first thing in an array is actually index 0.",
        "This goes for strings and objects, too. All of these indices start at 0, so if you're looking asking the code to find indexArr[2], you're really going to get the third piece of information in that array."
      ],
      "challengeSeed": [
        "FACqPCLxPTY"
      ],
      "tests": [
        [
          "The first entry in array has the index of 1.",
          false,
          "The first entry in an array has an index of 0."
        ],
        [
          "Arrays must contain all of the same type of information, like booleans.",
          false,
          "Arrays can contain any mix of data types."
        ]
      ],
      "type": "hike",
      "challengeType": 6,
      "translations": {
        "es": {
          "title": "Encontrando e indexando valores en vectores",
          "description": [
            "Hay muchas razones por las que puedes necesitar acceder a una determinada pieza de información al interior de un conjunto más amplio, lo cual haces referenciando su índice.",
            "No vamos a entrar en la sintaxis, pero debes saber que el primer elemento en un vector tiene en realidad el índice 0.",
            "Esto también aplica para cadenas y objetos. Todos estos índices comienzan en 0, por lo que si en tu programa usas <code>miVector[2]</code>, realmente vas a obtener la tercera pieza de información del vector <code>miVector</code>."
          ]
        }
      }
    },
    {
      "id": "56b15f15632298c12f315188",
      "title": "Manipulating Data",
      "description": [
        "Methods and functions are ways you can manipulate variables or other sets of information.",
        "Methods are built into JavaScript, and you will become more familiar with these as you write functions for the bonfires.",
        "I'd suggest looking through the MDN (Mozilla Developer Network that we discussed in the first video) to familiarize yourself with the sheer amount and general potential for the methods that exist. <a href='http://developer.mozilla.org/en-US/docs/Web/JavaScript/Reference/Methods_Index' target='_blank'>developer.mozilla.org/en-US/docs/Web/JavaScript/Reference/Methods_Index</a>",
        "Examples include '.split(' ')', which will turn a string into an array and can do so in many different ways. Methods are powerful - many times when you want your script to do something, there's a method for that.",
        "Functions, like variables, are something you define and create.",
        "During your algorithm practice at Free Code Camp, you will create functions that take a certain piece of information and manipulate it in whatever way you choose.",
        "You'll become more familiar with syntax there, but for now, just remember that with methods and functions you can do almost anything with your code."
      ],
      "challengeSeed": [
        "vZAm3Ve9CGM"
      ],
      "tests": [
        [
          "Whenever there's a specific manipulation you want to apply, you should check the methods before writing your own code.",
          true
        ],
        [
          "When writing your own functions, you should keep your code clean by only using minimal amounts of methods. ",
          false,
          "Methods are there to help you! Use them in your own functions as well as on their own."
        ]
      ],
      "type": "hike",
      "challengeType": 6,
      "translations": {
        "es": {
          "title": "Manipulación de los datos",
          "description": [
            "Métodos y funciones son formas con las que puedes modificar variables u otros conjuntos de información.",
            "Los métodos están integrados en JavaScript, y te familiarizarás con estos cuando realices los desafíos sobre algoritmos.",
            "Me gustaría sugerirte dar un vistazo a MDN (Mozilla Developer Network que discutimos en el primer video) para que te familiarices con la cantidad y el potencial general de los métodos que existen. <a href='http://developer.mozilla.org/es/docs/Web/JavaScript/Referencia/Methods_Index' target='_blank'>developer.mozilla.org/es/docs/Web/JavaScript/Referencia/Methods_Index</a>",
            "Los ejemplos incluyen <code>.split (' ')</code>, que convertirá una cadena en un vector y puede hacerlo de muchas maneras diferentes. Los métodos son de gran alcance - muchas veces cuando quieres que tu programa haga algo, ya habrá un método para eso.",
            "Las funciones, al igual que las variables, son algo que tu defines y creas.",
            "Durante tu práctica con algoritmos en FreeCodeCamp, vas a crear funciones que reciben una determinada pieza de información y la manipulan de la forma que elijas.",
            "Vas a estar más familiarizado con la sintaxis, pero por ahora, sólo recuerda que con los métodos y funciones puedes hacer casi cualquier cosa con tu código."
          ]
        }
      }
    },
    {
      "id": "56b15f15632298c12f315187",
      "title": "Math",
      "description": [
        "There is a static object named 'Math' in JS with many built in properties and methods.",
        "You'll want to investigate this further whenever you're manipulating numbers. Check MDN documentation before writing your own functions, because they may already be defined there.",
        "Examples include Math.random() which will return a random number in a given range and Math.round() which will round the input to the nearest integer.",
        "I used Math.random() when I built the random quote generator for the Free Code Camp front end development project.",
        "When you're working with numbers, you should also be aware that JS has an interesting attribute called 'floating-point format'.",
        "Depending on the amount of numbers, the size of those numbers, and the number of computations, JS may return something that is inaccurate by .00004.",
        "There are ways around this, and in general it doesn't pose issues, but it's something you should be aware of in the event you run into some problems that aren't making sense."
      ],
      "challengeSeed": [
        "pyU5zV4tIL4"
      ],
      "tests": [
        [
          "When talking about Math in JavaScript, all of the methods and functions work like they would on any calculator.",
          false,
          "Remember 'floating-point format'."
        ],
        [
          "There are special methods and functions specific for the 'Math' object.",
          true
        ]
      ],
      "type": "hike",
      "challengeType": 6,
      "translations": {
        "es": {
          "title": "Matemáticas",
          "description": [
            "Hay un objeto estático de nombre 'Math' en JS con muchos propiedades y métodos incluidos.",
            "Vas a querer investigar más de este cuando manipules números. Consulta la documentación de MDN antes de escribir tus propias funciones, pues ya podrían estar definidas allí. ",
            "Los ejemplos incluyen <code>Math.random()</code> que devolverá un número aleatorio en un rango y <code>Math.round()</code> que redondeará el número decimal que reciba al entero más cercano.",
            "Yo utilicé <code>Math.random()</code> cuando construí el generador de citas aleatorias como proyecto de desarrollo de interfaces en FreeCodeCamp.",
            "Cuando trabajes con números, también debes estar consciente de que JS tiene un atributo interesante llamado 'formato de coma flotante'.",
            "Dependiendo de la cantidad de números, su tamaño y la cantidad de cálculos, JS puede devolver un número que es inexacto en 0,00004.",
            "Hay maneras de evitar esto, y en general no plantean problemas, pero es algo que debes tener en cuenta si te encuentras con algunos problemas que parecen no tienen sentido."
          ]
        }
      }
    },
    {
      "id": "56b15f15632298c12f315186",
      "title": "Loops",
      "description": [
        "If there's a set of data, (we'll use an array for this example, but it doesn't have to be,) and you want to perform the same manipulation to every piece in that set of data, you can use something called a loop.",
        "Loops have some complex syntax to get used to at first, but once you have it, they're extremely useful. I used loops in many of my algorithm solutions.",
        "You don't need to understand everything here - just know that loops exist when you need to traverse a set of data and they can cut down on the amount of code you need to write."
      ],
      "challengeSeed": [
        "Hzzmqhc3U0o"
      ],
      "tests": [
        [
          "There's only one type of loop.",
          false,
          "There are many types of loops that fit many different needs."
        ],
        [
          "Loops can only traverse arrays.",
          false,
          "Loops can be built to fit many different situations."
        ]
      ],
      "type": "hike",
      "challengeType": 6,
      "translations": {
        "es": {
          "title": "Ciclos",
          "description": [
            "Si hay un conjunto de valores (vamos a utilizar un vector en este ejemplo, pero no tiene que ser así) y deseas realizar la misma operación a cada valor del conjunto, puedes usar algo llamado ciclo. ",
            "Los ciclos tienen una sintaxis compleja a la que inicialmente es difícil acostumbrarse, pero una vez que la entiendas, son de gran utilidad. Yo usé ciclos en muchas de mis soluciones. ",
            "No es necesario que entiendas todo aquí - sólo que sepas que existen ciclos cuando necesitas recorrer un conjunto de datos y que pueden reducir la cantidad de código que debes escribir."
          ]
        }
      }
    },
    {
      "id": "56b15f15632298c12f315185",
      "title": "Regular Expressions",
      "description": [
        "RegExp is not formatted like anything else in JS, and can have a steep learning curve.",
        "RegExp can also be an incredibly useful and efficient tool.",
        "Using RegExp, you can match, replace, search, and split a string, one of the most difficult types of values to manipulate.",
        "Like with all of the other videos, we won't get into the nitty gritty, but I want to show you a few examples of where RegExp is useful.",
        "If you wanted to create a registration page that verified passwords contained at least a number and a capital letter, you could use RegExp.",
        "If you wanted to ensure that dates entered in a page were all valid dates in the future, you could use RegExp.",
        "While there are limitless ways to use RegExp, many of them include validating or automatically editing information."
      ],
      "challengeSeed": [
        "EgFjQ8ug3W8"
      ],
      "tests": [
        [
          "RegExp can be a useful tool when working with strings. ",
          true
        ],
        [
          "RegExp can be intimidating, and if you don't like it, you can probably just avoid using it.",
          false,
          "Be patient with RegExp and with yourself. It can be a great tool that saves you from writing too much or inefficient code."
        ]
      ],
      "type": "hike",
      "challengeType": 6,
      "translations": {
        "es": {
          "title": "expresiones regulares (RegExp)",
          "description": [
            "Las RegExp no siguen el formato del resto de JS, y pueden requerir una curva de aprendizaje.",
            "Las epresiones regulares (abreviado <em>RegExp</em>) también pueden ser una herramienta muy útil y eficiente.",
            "Usando RegExp, puedes hacer coincidir, reemplazar, buscar y dividir una cadena, uno de los tipos más difíciles de manipular.",
            "Al igual que con todos los otros videos, no vamos a entrar en detalles, pero quiero mostrar algunos ejemplos donde las RegExp son útiles.",
            "Si quisieras crear una página de registro que verifique las contraseñas para que contengan al menos un número y una letra mayúscula, puedes usar expresiones regulares.",
            "Si quieres asegurarte de que las fechas introducidas en una página sean todas fechas válidas en el futuro, puedes usar RegExp.",
            "Si bien hay infinitas maneras de utilizar RegExp, muchas de estas incluyen validaciones o ediciones automáticas de información."
          ]
        }
      }
    }
  ]
}
