{
  "name": "Advanced Front End Development Projects",
  "order": 12.5,
  "time": "150 hours",
  "helpRoom": "HelpFrontEnd",
  "challenges": [
    {
      "id": "bd7158d8c442eddfaeb5bd17",
      "title": "Build a JavaScript Calculator",
      "description": [
        "<strong>Objective:</strong> Build a <a href='https://codepen.io' target='_blank'>CodePen.io</a> app that is functionally similar to this: <a href='https://codepen.io/freeCodeCamp/full/rLJZrA/' target='_blank'>https://codepen.io/freeCodeCamp/full/rLJZrA/</a>.",
        "Fulfill the following <a href='https://en.wikipedia.org/wiki/User_story' target='_blank'>user stories</a>. Use whichever libraries or APIs you need. Give it your own personal style.",
        "<strong>User Story:</strong> I can add, subtract, multiply and divide two numbers.",
        "<strong>User Story:</strong> I can clear the input field with a clear button.",
        "<strong>User Story:</strong> I can keep chaining mathematical operations together until I hit the equal button, and the calculator will tell me the correct output.",
        "Remember to use <a href='http://forum.freecodecamp.com/t/how-to-get-help-when-you-are-stuck/19514' target='_blank'>Read-Search-Ask</a> if you get stuck.",
        "When you are finished, click the \"I've completed this challenge\" button and include a link to your CodePen. ",
        "You can get feedback on your project by sharing it with your friends on Facebook."
      ],
      "challengeSeed": [
        "Drnp29SJY8w"
      ],
      "tests": [],
      "type": "zipline",
      "challengeType": 3,
      "isRequired": true,
      "translations": {
        "es": {
          "title": "Crea una calculadora JavaScript",
          "description": [
            "<span class='text-info'>Objetivo:</span> Crea una aplicación con <a href='https://codepen.io' target='_blank'>CodePen.io</a> cuya funcionalidad sea similar a esta: <a href='https://codepen.io/freeCodeCamp/full/PNKdjo/' target='_blank'>https://codepen.io/freeCodeCamp/full/PNKdjo/</a>.",
            "<span class='text-info'>Regla #1:</span> No veas el código del proyecto de ejemplo en CodePen. Encuentra la forma de hacerlo por tu cuenta.",
            "<span class='text-info'>Regla #2:</span> Satisface las siguientes <a href='https://en.wikipedia.org/wiki/User_story' target='_blank'>historias de usuario</a>. Usa cualquier librería o API que necesites. Dale tu estilo personal.",
            "<span class='text-info'>Historia de usuario:</span> Puedo sumar, restar, multiplicar y dividir dos números.",
            "<span class='text-info'>Historia de usuario opcional:</span> Puedo limpiar la pantalla con un botón de borrar.",
            "<span class='text-info'>Historia de usuario opcional:</span> Puedo concatenar continuamente varias operaciones hasta que pulse el botón de igual, y la calculadora me mostrará la respuesta correcta.",
            "Recuerda utilizar <a href='http://forum.freecodecamp.com/t/how-to-get-help-when-you-are-stuck/19514' target='_blank'>Leer-Buscar-Preguntar</a> si te sientes atascado.",
            "Cuando hayas terminado, pulsa el botón de \"I've completed this challenge\" e incluye un enlace a tu CodePen. ",
            "Puedes obtener retroalimentación sobre tu proyecto por parte de otros campistas, compartiéndolo en nuestra <a href='//gitter.im/freecodecamp/codereview' target='_blank'>Sala de chat para revisión de código</a>. También puedes compartirlo en Twitter y en el campamento de tu ciudad (en Facebook)."
          ]
        },
        "pt-br": {
          "title": "Construa uma calculadora JavaScript",
          "description": [
            "<span class='text-info'>Objetivo:</span> Construa uma aplicação em <a href='https://codepen.io' target='_blank'>CodePen.io</a> cuja funcionalidade seja similar a esta: <a href='https://codepen.io/freeCodeCamp/full/rLJZrA/' target='_blank'>https://codepen.io/freeCodeCamp/full/rLJZrA/</a>.",
            "<span class='text-info'>Regra #1:</span> Não veja o código do projeto de exemplo no CodePen. Encontre a sua própria forma de fazê-lo.",
            "<span class='text-info'>Regra #2:</span> Satisfaça as seguintes <a href='https://pt.wikipedia.org/wiki/Hist%C3%B3ria_de_usu%C3%A1rio' target='_blank'>histórias de usuário</a>. Utilize qualquer biblioteca ou API que você precisar. Dê o seu próprio estilo pessoal.",
            "<span class='text-info'>História de usuário:</span> Eu posso somar, subtrair, multiplicar e dividir dois números.",
            "<span class='text-info'>História de usuário opcional:</span> Eu posso limpar o campo de entrada com um botão claro.",
            "<span class='text-info'>História de usuário opcional:</span> Eu posso manter o encadeamento de operações matemáticas juntas até eu apertar o botão de igual, e a calculadora irá me dizer a resposta correta.",
            "Lembre-se de utilizar <a href='http://forum.freecodecamp.com/t/how-to-get-help-when-you-are-stuck/19514' target='_blank'>Ler-Buscar-Perguntar</a> se você tiver dificuldades.",
            "Quando tiver terminado, clique no botão \"Eu concluí este desafio\" e inclua um link para o seu projeto no CodePen. ",
            "Você pode obter feedback sobre o seu projeto compartilhando-o com os seus amigos no Facebook."
          ]
        }
      }
    },
    {
      "id": "bd7158d8c442eddfaeb5bd0f",
      "title": "Build a Pomodoro Clock",
      "description": [
        "<strong>Objective:</strong> Build a <a href='https://codepen.io' target='_blank'>CodePen.io</a> app that is functionally similar to this: <a href='https://codepen.io/freeCodeCamp/full/aNyxXR/' target='_blank'>https://codepen.io/freeCodeCamp/full/aNyxXR/</a>.",
        "Fulfill the following <a href='https://en.wikipedia.org/wiki/User_story' target='_blank'>user stories</a>. Use whichever libraries or APIs you need. Give it your own personal style.",
        "<strong>User Story:</strong> I can start a 25 minute pomodoro, and the timer will go off once 25 minutes has elapsed.",
        "<strong>User Story:</strong> I can reset the clock for my next pomodoro.",
        "<strong>User Story:</strong> I can customize the length of each pomodoro.",
        "Remember to use <a href='http://forum.freecodecamp.com/t/how-to-get-help-when-you-are-stuck/19514' target='_blank'>Read-Search-Ask</a> if you get stuck.",
        "When you are finished, click the \"I've completed this challenge\" button and include a link to your CodePen. ",
        "You can get feedback on your project by sharing it with your friends on Facebook."
      ],
      "challengeSeed": [
        "lgj3nfzV0xM"
      ],
      "tests": [],
      "type": "zipline",
      "isRequired": true,
      "challengeType": 3,
      "translations": {
        "es": {
          "title": "Crea un reloj pomodoro",
          "description": [
            "<span class='text-info'>Objetivo:</span> Crea una aplicación con <a href='https://codepen.io' target='_blank'>CodePen.io</a> cuya funcionalidad sea similar a la de esta: <a href='https://codepen.io/freeCodeCamp/full/aNyxXR/' target='_blank'>https://codepen.io/freeCodeCamp/full/aNyxXR/</a>.",
            "<span class='text-info'>Regla #1:</span> No veas el código del proyecto de ejemplo en CodePen. Encuentra la forma de hacerlo por tu cuenta.",
            "<span class='text-info'>Regla #2:</span> Satisface las siguientes <a href='https://en.wikipedia.org/wiki/User_story' target='_blank'>historias de usuario</a>. Usa cualquier librería o APIs que necesites. Dale tu estilo personal.",
            "<span class='text-info'>Historia de usuario:</span> Puedo iniciar un pomodoro de 25 minutos, y el cronómetro terminará cuando pasen 25 minutos.",
            "<span class='text-info'>Historia de usuario:</span> Como usuario, puedo reiniciar el reloj para comenzar mi siguiente pomodoro.",
            "<span class='text-info'>Historia de usuario:</span> Como usuario, puedo personalizar la longitud de cada pomodoro.",
            "Recuerda utilizar <a href='http://forum.freecodecamp.com/t/how-to-get-help-when-you-are-stuck/19514' target='_blank'>Leer-Buscar-Preguntar</a> si te sientes atascado.",
            "Cuando hayas terminado, pulsa el botón de \"I've completed this challenge\" e incluye un enlace a tu CodePen.",
            "Puedes obtener retroalimentación sobre tu proyecto por parte de otros campistas, compartiéndolo en nuestra <a href='//gitter.im/freecodecamp/codereview' target='_blank'>Sala de chat para revisión de código</a>. También puedes compartirlo en Twitter y en el campamento de tu ciudad (en Facebook)."
          ]
        },
        "ru": {
          "title": "Создайте таймер Pomodoro",
          "description": [
            "<span class='text-info'>Задание:</span> Создайте <a href='https://codepen.io' target='_blank'>CodePen.io</a> который успешно копирует вот этот: <a href='https://codepen.io/freeCodeCamp/full/aNyxXR/' target='_blank'>https://codepen.io/freeCodeCamp/full/aNyxXR/</a>.",
            "<span class='text-info'>Правило #1:</span> Не подсматривайте код приведенного на CodePen примера. Напишите его самостоятельно.",
            "<span class='text-info'>Правило #2:</span> Можете использовать любые библиотеки или API, которые потребуются.",
            "<span class='text-info'>Правило #3:</span> Воссоздайте функционал приведенного примера и не стесняйтесь добавить что-нибудь от себя.",
            "Реализуйте следующие <a href='https://en.wikipedia.org/wiki/User_story' target='_blank'>пользовательские истории</a>, сделайте также бонусные по желанию:",
            "<span class='text-info'>Пользовательская история:</span> В качестве пользователя, я могу запустить 25 минутную 'помидорку', по истечении которой таймер выключится.",
            "<span class='text-info'>Бонусная пользовательская история:</span> В качестве пользователя, я могу сбросить таймер для установки следующей 'помидорки'.",
            "<span class='text-info'>Бонусная пользовательская история:</span> В качестве пользователя, я могу выбирать длительность 'помидорки'.",
            "Если что-то не получается, воспользуйтесь <a href='http://forum.freecodecamp.com/t/how-to-get-help-when-you-are-stuck/19514' target='_blank'>Read-Search-Ask</a>.",
            "Когда выполните задание кликните кнопку \"I've completed this challenge\" и добавьте ссылку на ваш CodePen. Если вы программировали с кем-то в паре, также добавьте имя вашего напарника.",
            "Если вы хотите получить немедленную оценку вашего проекта, нажмите эту кнопку и добавьте ссылку на ваш CodePen. В противном случае мы проверим его перед тем как вы приступите к проектам для некоммерческих организаций.<br><br><a class='btn btn-primary btn-block' href='https://twitter.com/intent/tweet?text=Check%20out%20the%20project%20I%20just%20built%20with%20%40FreeCodeCamp:%20%0A%20%23LearnToCode%20%23JavaScript' target='_blank'>Click here then add your link to your tweet's text</a>"
          ]
        },
        "pt-br": {
          "title": "Construa um relógio Pomodoro",
          "description": [
            "<strong>Objetivo:</strong> Construa uma aplicação em <a href='https://codepen.io' target='_blank'>CodePen.io</a> cuja funcionalidade seja similar a esta: <a href='https://codepen.io/freeCodeCamp/full/aNyxXR/' target='_blank'>https://codepen.io/freeCodeCamp/full/aNyxXR/</a>.",
            "<span class='text-info'>Regra #1:</span> Não veja o código do projeto de exemplo no CodePen. Encontre a sua própria forma de fazê-lo.",
            "<span class='text-info'>Regra #2:</span> Satisfaça as seguintes <a href='https://pt.wikipedia.org/wiki/Hist%C3%B3ria_de_usu%C3%A1rio' target='_blank'>histórias de usuário</a>. Utilize qualquer biblioteca ou API que você precisar. Dê o seu próprio estilo pessoal.",
            "<span class='text-info'>História de usuário:</span> Eu posso começar um pomodoro de 25 minutos, e o temporizador desligará quando 25 minutos tiverem passado.",
            "<span class='text-info'>História de usuário:</span> Eu posso zerar o relógio para o meu próximo pomodoro.",
            "Lembre-se de utilizar <a href='http://forum.freecodecamp.com/t/how-to-get-help-when-you-are-stuck/19514' target='_blank'>Ler-Buscar-Perguntar</a> se você tiver dificuldades.",
            "Quando tiver terminado, clique no botão \"Eu concluí este desafio\" e inclua um link para o seu projeto no CodePen. ",
            "Você pode obter feedback sobre o seu projeto compartilhando-o com os seus amigos no Facebook."
          ]
        }
      }
    },
    {
      "id": "bd7158d8c442eedfaeb5bd1c",
      "title": "Build a Tic Tac Toe Game",
      "description": [
        "<strong>Objective:</strong> Build a <a href='https://codepen.io' target='_blank'>CodePen.io</a> app that is functionally similar to this: <a href='https://codepen.io/freeCodeCamp/full/KzXQgy/' target='_blank'>https://codepen.io/freeCodeCamp/full/KzXQgy/</a>.",
        "Fulfill the following <a href='https://en.wikipedia.org/wiki/User_story' target='_blank'>user stories</a>. Use whichever libraries or APIs you need. Give it your own personal style.",
        "<strong>User Story:</strong> I can play a game of Tic Tac Toe with the computer.",
        "<strong>User Story:</strong> My game will reset as soon as it's over so I can play again.",
        "<strong>User Story:</strong> I can choose whether I want to play as X or O.",
        "Remember to use <a href='http://forum.freecodecamp.com/t/how-to-get-help-when-you-are-stuck/19514' target='_blank'>Read-Search-Ask</a> if you get stuck.",
        "When you are finished, click the \"I've completed this challenge\" button and include a link to your CodePen.",
        "You can get feedback on your project by sharing it with your friends on Facebook."
      ],
      "challengeSeed": [
        "Ia69O1ZNGEg"
      ],
      "tests": [],
      "type": "zipline",
      "challengeType": 3,
      "isRequired": true,
      "translations": {
        "es": {
          "title": "Crea un juego de Tic Tac Toe",
          "description": [
            "<span class='text-info'>Objetivo:</span> Construye una aplicación en <a href='https://codepen.io' target='_blank'>CodePen.io</a> cuya funcionalidad sea similar a la de esta: <a href='https://codepen.io/freeCodeCamp/full/KzXQgy/' target='_blank'>https://codepen.io/freeCodeCamp/full/KzXQgy/</a>.",
            "<span class='text-info'>Regla #1:</span> No veas el código del proyecto de ejemplo en CodePen. Encuentra la forma de hacerlo por tu cuenta.",
            "<span class='text-info'>Regla #2:</span> Satisface las siguientes <a href='https://en.wikipedia.org/wiki/User_story' target='_blank'>historias de usuario</a>. Usa cualquier librería o APIs que necesites. Dale tu estilo personal.",
            "<span class='text-info'>Historia de usuario:</span> Puedo jugar un juego de Tic Tac Toe contra el computador.",
            "<span class='text-info'>Historia de usuario:</span> Mi juego se reiniciará tan pronto como termine para poder jugar de nuevo.",
            "<span class='text-info'>Historia de usuario:</span> Puedo elegir si quiero jugar como X o como O.",
            "Recuerda utilizar <a href='http://forum.freecodecamp.com/t/how-to-get-help-when-you-are-stuck/19514' target='_blank'>Leer-Buscar-Preguntar</a> si te sientes atascado.",
            "Cuando hayas terminado, pulsa el botón de \"I've completed this challenge\" e incluye un enlace a tu CodePen.",
            "Puedes obtener retroalimentación sobre tu proyecto por parte de otros campistas, compartiéndolo en nuestra <a href='//gitter.im/freecodecamp/codereview' target='_blank'>Sala de chat para revisión de código</a>. También puedes compartirlo en Twitter y en el campamento de tu ciudad (en Facebook)."
          ]
        },
        "pt-br": {
          "title": "Construa um Jogo da Velha",
          "description": [
            "<strong>Objetivo:</strong> Construa uma aplicação em <a href='https://codepen.io' target='_blank'>CodePen.io</a> cuja funcionalidade seja similar a esta: <a href='https://codepen.io/freeCodeCamp/full/aNyxXR/' target='_blank'>https://codepen.io/freeCodeCamp/full/aNyxXR/</a>.",
            "<span class='text-info'>Regra #1:</span> Não veja o código do projeto de exemplo no CodePen. Encontre a sua própria forma de fazê-lo.",
            "<span class='text-info'>Regra #2:</span> Satisfaça as seguintes <a href='https://pt.wikipedia.org/wiki/Hist%C3%B3ria_de_usu%C3%A1rio' target='_blank'>histórias de usuário</a>. Utilize qualquer biblioteca ou API que você precisar. Dê o seu próprio estilo pessoal.",
            "<span class='text-info'>História de usuário:</span> Eu posso jogar o Jogo da Velha com o computador.",
            "<span class='text-info'>História de usuário:</span> Meu jogo reiniciará assim que acabar para que eu possa jogar novamente.",
            "<span class='text-info'>História de usuário:</span> Eu posso escolher se eu quero jogar como X ou O.",
            "Lembre-se de utilizar <a href='http://forum.freecodecamp.com/t/how-to-get-help-when-you-are-stuck/19514' target='_blank'>Ler-Buscar-Perguntar</a> se você tiver dificuldades.",
            "Quando tiver terminado, clique no botão \"Eu concluí este desafio\" e inclua um link para o seu projeto no CodePen. ",
            "Você pode obter feedback sobre o seu projeto compartilhando-o com os seus amigos no Facebook."
          ]
        }
      }
    },
    {
      "id": "bd7158d8c442eddfaeb5bd1c",
      "title": "Build a Simon Game",
      "description": [
        "<strong>Objective:</strong> Build a <a href='https://codepen.io' target='_blank'>CodePen.io</a> app that is functionally similar to this: <a href='https://codepen.io/Em-Ant/full/QbRyqq/' target='_blank'>https://codepen.io/freeCodeCamp/full/obYBjE</a>.",
        "Fulfill the following <a href='https://en.wikipedia.org/wiki/User_story' target='_blank'>user stories</a>. Use whichever libraries or APIs you need. Give it your own personal style.",
        "<strong>User Story:</strong> I am presented with a random series of button presses.",
        "<strong>User Story:</strong> Each time I input a series of button presses correctly, I see the same series of button presses but with an additional step.",
        "<strong>User Story:</strong> I hear a sound that corresponds to each button both when the series of button presses plays, and when I personally press a button.",
        "<strong>User Story:</strong> If I press the wrong button, I am notified that I have done so, and that series of button presses starts again to remind me of the pattern so I can try again.",
        "<strong>User Story:</strong> I can see how many steps are in the current series of button presses.",
        "<strong>User Story:</strong> If I want to restart, I can hit a button to do so, and the game will return to a single step.",
        "<strong>User Story:</strong> I can play in strict mode where if I get a button press wrong, it notifies me that I have done so, and the game restarts at a new random series of button presses.",
        "<strong>User Story:</strong> I can win the game by getting a series of 20 steps correct. I am notified of my victory, then the game starts over.",
        "<strong>Hint:</strong> Here are mp3s you can use for each button: <code>https://s3.amazonaws.com/freecodecamp/simonSound1.mp3</code>, <code>https://s3.amazonaws.com/freecodecamp/simonSound2.mp3</code>, <code>https://s3.amazonaws.com/freecodecamp/simonSound3.mp3</code>, <code>https://s3.amazonaws.com/freecodecamp/simonSound4.mp3</code>.",
        "Remember to use <a href='http://forum.freecodecamp.com/t/how-to-get-help-when-you-are-stuck/19514' target='_blank'>Read-Search-Ask</a> if you get stuck.",
        "When you are finished, click the \"I've completed this challenge\" button and include a link to your CodePen.",
        "You can get feedback on your project by sharing it with your friends on Facebook."
      ],
      "challengeSeed": [
        "tAPut8a47bA"
      ],
      "tests": [],
      "type": "zipline",
      "challengeType": 3,
      "isRequired": true,
      "translations": {
        "es": {
          "title": "Construye un juego de Simon",
          "description": [
            "<span class='text-info'>Objetivo:</span> Construye una aplicación en <a href='https://codepen.io' target='_blank'>CodePen.io</a> cuya funcionalidad sea similar a la de esta: <a href='https://codepen.io/Em-Ant/full/QbRyqq/' target='_blank'>https://codepen.io/Em-Ant/full/QbRyqq/</a>.",
            "<span class='text-info'>Regla #1:</span> No veas el código del proyecto de ejemplo en CodePen. Encuentra la forma de hacerlo por tu cuenta.",
            "<span class='text-info'>Regla #2:</span> Satisface las siguientes <a href='https://en.wikipedia.org/wiki/User_story' target='_blank'>historias de usuario</a>. Usa cualquier librería o APIs que necesites. Dale tu estilo personal.",
            "<span class='text-info'>Historia de usuario:</span> Se me presenta una serie aleatoria de pulsaciones a botones.",
            "<span class='text-info'>Historia de usuario:</span> Cada vez que presiono una secuencia de pulsaciones correctamente, veo que vuelve a ejecutarse la misma serie de pulsaciones con un paso adicional.",
            "<span class='text-info'>Historia de usuario:</span> Escucho un sonido que corresponde a cada botón cuando se ejecuta una secuencia de pulsaciones, así como cuando yo presiono un botón.",
            "<span class='text-info'>Historia de usuario:</span> Si presiono el botón equivocado, se me notifica sobre mi error, y se ejecuta de nuevo la serie correcta de pulsaciones para recordarme cuál es la secuencia correcta, tras lo cual puedo intentar de nuevo.",
            "<span class='text-info'>Historia de usuario:</span> Puedo ver cuántos pasos hay en la serie de pulsaciones actual.",
            "<span class='text-info'>Historia de usuario:</span> Si deseo reiniciar, puedo pulsar un botón para hacerlo, y el juego comenzará desde una secuencia con un solo paso.",
            "<span class='text-info'>Historia de usuario:</span> Puedo jugar en modo estricto donde si presiono el botón equivocado, se me notifica de mi error, y el juego vuelve a comenzar con una nueva serie aleatoria de colores.",
            "<span class='text-info'>Historia de usuario:</span> Puedo ganar el juego si completo 20 pasos correctos. Se me notifica sobre mi victoria, tras lo cual el juego se reinicia.",
            "<span class='text-info'>Pista:</span> Aquí hay algunos mp3s que puedes utilizar para tus botones: <code>https://s3.amazonaws.com/freecodecamp/simonSound1.mp3</code>, <code>https://s3.amazonaws.com/freecodecamp/simonSound2.mp3</code>, <code>https://s3.amazonaws.com/freecodecamp/simonSound3.mp3</code>, <code>https://s3.amazonaws.com/freecodecamp/simonSound4.mp3</code>.",
            "Recuerda utilizar <a href='http://forum.freecodecamp.com/t/how-to-get-help-when-you-are-stuck/19514' target='_blank'>Leer-Buscar-Preguntar</a> si te sientes atascado.",
            "Cuando hayas terminado, pulsa el botón de \"I've completed this challenge\" e incluye un enlace a tu CodePen.",
            "Puedes obtener retroalimentación sobre tu proyecto por parte de otros campistas, compartiéndolo en nuestra <a href='//gitter.im/freecodecamp/codereview' target='_blank'>Sala de chat para revisión de código</a>. También puedes compartirlo en Twitter y en el campamento de tu ciudad (en Facebook)."
          ]
        },
        "pt-br": {
          "title": "Construa um jogo de Simon",
          "description": [
            "<strong>Objetivo:</strong> Construa uma aplicação em <a href='https://codepen.io' target='_blank'>CodePen.io</a> cuja funcionalidade seja similar a esta: <a href='https://codepen.io/freeCodeCamp/full/aNyxXR/' target='_blank'>https://codepen.io/freeCodeCamp/full/aNyxXR/</a>.",
            "<span class='text-info'>Regra #1:</span> Não veja o código do projeto de exemplo no CodePen. Encontre a sua própria forma de fazê-lo.",
            "<span class='text-info'>Regra #2:</span> Satisfaça as seguintes <a href='https://pt.wikipedia.org/wiki/Hist%C3%B3ria_de_usu%C3%A1rio' target='_blank'>histórias de usuário</a>. Utilize qualquer biblioteca ou API que você precisar. Dê o seu próprio estilo pessoal.",
            "<span class='text-info'>História de usuário:</span> Eu sou apresentado a uma sequência aleatória de botões para presisonar.",
            "<span class='text-info'>História de usuário:</span> Cada vez que eu pressionar uma sequência de botões corretamente, eu vejo a mesma sequência de botões, mas com um passo adicional.",
            "<span class='text-info'>História de usuário:</span> Eu ouço um som que corresponde a cada botão quando a sequência é tocada, e quando eu, pessoalmente, pressiono cada botão.",
            "<span class='text-info'>História de usuário:</span> Se eu pressionar o botão errado, eu sou notificado, e essa sequência de botões recomeça para que eu possa me lembrar do padrão e tentar novamente.",
            "<span class='text-info'>História de usuário:</span> Eu posso ver quantos passos estão na sequência atual de botões para pressionar.",
            "<span class='text-info'>História de usuário:</span> Se eu quiser reiniciar, eu posso pressionar um botão e o jogo retornará para um único passo na sequência de botões.",
            "<span class='text-info'>História de usuário:</span> Eu posso jogar no modo rigoroso, onde se eu pressionar um botão errado, eu sou notificado e o jogo recomeça em uma nova série aleatória de botões para pressionar.",
            "<span class='text-info'>História de usuário:</span> Eu posso ganhar o jogo pressionando uma sequência de 20 passos corretamente. Eu sou notificado da minha vitória e então o jogo recomeça.",
            "<strong>Dica: </strong>Aqui estão alguns mp3s que você pode usar para cada botão: <code>https://s3.amazonaws.com/freecodecamp/simonSound1.mp3</code>, <code>https://s3.amazonaws.com/freecodecamp/simonSound2.mp3</code>, <code>https://s3.amazonaws.com/freecodecamp/simonSound3.mp3</code>, <code>https://s3.amazonaws.com/freecodecamp/simonSound4.mp3</code>.",
            "Lembre-se de utilizar <a href='http://forum.freecodecamp.com/t/how-to-get-help-when-you-are-stuck/19514' target='_blank'>Ler-Buscar-Perguntar</a> se você tiver dificuldades.",
            "Quando tiver terminado, clique no botão \"Eu concluí este desafio\" e inclua um link para o seu projeto no CodePen. ",
            "Você pode obter feedback sobre o seu projeto compartilhando-o com os seus amigos no Facebook."
          ]
        }
      }
    }
  ]
}
